1,2017.01.03,00:00,0.71942,0.72403,0.71934,0.72285
2,2017.01.04,00:00,0.72286,0.72871,0.72185,0.7287
3,2017.01.05,00:00,0.72873,0.73558,0.72771,0.73364
4,2017.01.06,00:00,0.73369,0.73543,0.72877,0.73019
5,2017.01.08,00:00,0.72942,0.73111,0.72869,0.73111
6,2017.01.09,00:00,0.73112,0.73732,0.73011,0.73553
7,2017.01.10,00:00,0.73553,0.73839,0.73304,0.73588
8,2017.01.11,00:00,0.73585,0.74711,0.73514,0.74449
9,2017.01.12,00:00,0.7445,0.75177,0.74292,0.74882
10,2017.01.13,00:00,0.74883,0.75077,0.74486,0.74993
11,2017.01.15,00:00,0.7477,0.75051,0.7477,0.74979
12,2017.01.16,00:00,0.74978,0.75016,0.74575,0.74711
13,2017.01.17,00:00,0.74712,0.75679,0.74644,0.75492
14,2017.01.18,00:00,0.75493,0.75656,0.75017,0.75086
15,2017.01.19,00:00,0.75094,0.75732,0.74928,0.75653
16,2017.01.20,00:00,0.75657,0.75879,0.75168,0.75514
17,2017.01.22,00:00,0.75503,0.7572,0.75503,0.75716
18,2017.01.23,00:00,0.75715,0.76014,0.75494,0.75813
19,2017.01.24,00:00,0.75814,0.76083,0.75529,0.7591
20,2017.01.25,00:00,0.75908,0.75975,0.75145,0.75733
21,2017.01.26,00:00,0.75735,0.75843,0.75214,0.75307
22,2017.01.27,00:00,0.75306,0.75722,0.75109,0.75476
23,2017.01.29,00:00,0.75565,0.75609,0.75511,0.75534
24,2017.01.30,00:00,0.75533,0.75662,0.75272,0.75647
25,2017.01.31,00:00,0.75648,0.76051,0.75414,0.75769
26,2017.02.01,00:00,0.75764,0.75961,0.75503,0.75825
27,2017.02.02,00:00,0.75822,0.76955,0.75821,0.76539
28,2017.02.03,00:00,0.7654,0.76947,0.7619,0.76823
29,2017.02.05,00:00,0.76732,0.7682,0.7661,0.76739
30,2017.02.06,00:00,0.7674,0.76798,0.76288,0.76448
31,2017.02.07,00:00,0.76446,0.76801,0.76051,0.762
32,2017.02.08,00:00,0.76199,0.76651,0.76108,0.76307
33,2017.02.09,00:00,0.76309,0.76634,0.76099,0.76227
34,2017.02.10,00:00,0.76223,0.76881,0.76174,0.76749
35,2017.02.12,00:00,0.76778,0.76796,0.76588,0.76685
36,2017.02.13,00:00,0.76686,0.76769,0.76304,0.76407
37,2017.02.14,00:00,0.76406,0.76954,0.76173,0.76686
38,2017.02.15,00:00,0.76684,0.77209,0.76365,0.77204
39,2017.02.16,00:00,0.77205,0.77314,0.76843,0.76962
40,2017.02.17,00:00,0.76964,0.77123,0.76554,0.76678
41,2017.02.19,00:00,0.76698,0.76766,0.76654,0.76656
42,2017.02.20,00:00,0.76641,0.76899,0.76584,0.76888
43,2017.02.21,00:00,0.7689,0.76892,0.7649,0.76753
44,2017.02.22,00:00,0.76752,0.77138,0.76666,0.76953
45,2017.02.23,00:00,0.76952,0.77402,0.76647,0.7712
46,2017.02.24,00:00,0.77122,0.77194,0.7664,0.76771
47,2017.02.26,00:00,0.76798,0.76815,0.7662,0.76677
48,2017.02.27,00:00,0.76678,0.77069,0.7666,0.76744
49,2017.02.28,00:00,0.76748,0.76941,0.76365,0.76416
50,2017.03.01,00:00,0.76417,0.7699,0.76362,0.76585
51,2017.03.02,00:00,0.76584,0.76666,0.75561,0.75715
52,2017.03.03,00:00,0.75716,0.75943,0.75425,0.75921
53,2017.03.05,00:00,0.75872,0.75943,0.75817,0.75941
54,2017.03.06,00:00,0.75936,0.76088,0.75698,0.75897
55,2017.03.07,00:00,0.75896,0.7632,0.75836,0.75921
56,2017.03.08,00:00,0.7592,0.76083,0.75176,0.75264
57,2017.03.09,00:00,0.75263,0.75337,0.74907,0.7506
58,2017.03.10,00:00,0.75059,0.7556,0.75051,0.75465
59,2017.03.12,00:00,0.75445,0.75469,0.75349,0.75409
60,2017.03.13,00:00,0.75407,0.75918,0.75333,0.75655
61,2017.03.14,00:00,0.75653,0.75786,0.75396,0.75647
62,2017.03.15,00:00,0.75646,0.77187,0.75544,0.77054
63,2017.03.16,00:00,0.77052,0.77157,0.76628,0.76706
64,2017.03.17,00:00,0.76705,0.7717,0.7665,0.77016
65,2017.03.19,00:00,0.77005,0.77084,0.76996,0.77058
66,2017.03.20,00:00,0.7706,0.77474,0.76963,0.7729
67,2017.03.21,00:00,0.77293,0.77488,0.76695,0.7672
68,2017.03.22,00:00,0.76722,0.76839,0.76389,0.7667
69,2017.03.23,00:00,0.76669,0.76674,0.76219,0.76334
70,2017.03.24,00:00,0.76335,0.764,0.76033,0.76215
71,2017.03.26,00:00,0.76314,0.76326,0.76246,0.76315
72,2017.03.27,00:00,0.76318,0.76477,0.76075,0.7627
73,2017.03.28,00:00,0.76269,0.76567,0.75868,0.76527
74,2017.03.29,00:00,0.7653,0.76743,0.76319,0.76698
75,2017.03.30,00:00,0.76696,0.7679,0.76385,0.76524
76,2017.03.31,00:00,0.76522,0.76622,0.76215,0.76269
77,2017.04.02,00:00,0.76285,0.76396,0.76273,0.76288
78,2017.04.03,00:00,0.76289,0.76397,0.75906,0.76043
79,2017.04.04,00:00,0.76044,0.76145,0.75446,0.7567
80,2017.04.05,00:00,0.75671,0.75867,0.75565,0.75657
81,2017.04.06,00:00,0.75655,0.7569,0.75318,0.7539
82,2017.04.07,00:00,0.75389,0.75434,0.74938,0.75005
83,2017.04.09,00:00,0.74974,0.75084,0.74966,0.75059
84,2017.04.10,00:00,0.7506,0.75127,0.74753,0.7505
85,2017.04.11,00:00,0.75049,0.75144,0.74733,0.75009
86,2017.04.12,00:00,0.75003,0.75428,0.74728,0.75363
87,2017.04.13,00:00,0.75364,0.75949,0.75315,0.7564
88,2017.04.14,00:00,0.75641,0.75816,0.75557,0.75783
89,2017.04.16,00:00,0.75677,0.75836,0.75665,0.75788
90,2017.04.17,00:00,0.75783,0.76097,0.75775,0.7591
91,2017.04.18,00:00,0.75911,0.75955,0.7533,0.75583
92,2017.04.19,00:00,0.75582,0.75621,0.7491,0.74948
93,2017.04.20,00:00,0.74946,0.75463,0.7494,0.75176
94,2017.04.21,00:00,0.75177,0.75453,0.75151,0.75433
95,2017.04.23,00:00,0.75701,0.75704,0.75385,0.75555
96,2017.04.24,00:00,0.75556,0.75839,0.75466,0.75578
97,2017.04.25,00:00,0.75579,0.75644,0.75199,0.75368
98,2017.04.26,00:00,0.75369,0.75518,0.74543,0.7478
99,2017.04.27,00:00,0.74781,0.74915,0.74395,0.74682
100,2017.04.28,00:00,0.74681,0.74902,0.74473,0.74869
101,2017.04.30,00:00,0.74816,0.74888,0.74783,0.74833
102,2017.05.01,00:00,0.74838,0.75396,0.74735,0.7531
103,2017.05.02,00:00,0.75311,0.75554,0.751,0.75424
104,2017.05.03,00:00,0.75423,0.75453,0.74181,0.74276
105,2017.05.04,00:00,0.74275,0.74295,0.73825,0.74099
106,2017.05.05,00:00,0.74096,0.74259,0.73671,0.74152
107,2017.05.07,00:00,0.74104,0.74187,0.74035,0.74147
108,2017.05.08,00:00,0.74146,0.74239,0.7377,0.73899
109,2017.05.09,00:00,0.73898,0.73978,0.7328,0.73409
110,2017.05.10,00:00,0.73408,0.73939,0.73363,0.7357
111,2017.05.11,00:00,0.73569,0.73825,0.7338,0.73758
112,2017.05.12,00:00,0.73754,0.74203,0.7368,0.73848
113,2017.05.14,00:00,0.73918,0.73942,0.73836,0.73927
114,2017.05.15,00:00,0.73926,0.74453,0.7387,0.74191
115,2017.05.16,00:00,0.74192,0.74372,0.73943,0.74207
116,2017.05.17,00:00,0.74208,0.74432,0.73882,0.74305
117,2017.05.18,00:00,0.74307,0.74664,0.74079,0.742
118,2017.05.19,00:00,0.74202,0.74687,0.74058,0.74548
119,2017.05.21,00:00,0.74463,0.74574,0.74452,0.7451
120,2017.05.22,00:00,0.74509,0.74881,0.74347,0.74697
121,2017.05.23,00:00,0.74698,0.75167,0.74675,0.747
122,2017.05.24,00:00,0.74701,0.75072,0.74421,0.74958
123,2017.05.25,00:00,0.74959,0.75152,0.74502,0.74535
124,2017.05.26,00:00,0.74534,0.74605,0.74215,0.74448
125,2017.05.28,00:00,0.74376,0.74459,0.74361,0.74413
126,2017.05.29,00:00,0.74414,0.74495,0.74264,0.74386
127,2017.05.30,00:00,0.74385,0.74691,0.74156,0.74574
128,2017.05.31,00:00,0.74575,0.74753,0.74227,0.74247
129,2017.06.01,00:00,0.74246,0.7454,0.73707,0.73798
130,2017.06.02,00:00,0.73799,0.74462,0.73736,0.74424
131,2017.06.04,00:00,0.74311,0.74394,0.74267,0.74269
132,2017.06.05,00:00,0.74272,0.74977,0.74215,0.74859
133,2017.06.06,00:00,0.7486,0.75215,0.74567,0.75101
134,2017.06.07,00:00,0.75102,0.7566,0.74992,0.75387
135,2017.06.08,00:00,0.75388,0.75537,0.75239,0.75258
136,2017.06.09,00:00,0.75262,0.75437,0.75189,0.75279
137,2017.06.11,00:00,0.75311,0.75316,0.75254,0.75282
138,2017.06.12,00:00,0.75284,0.7548,0.7521,0.7548
139,2017.06.13,00:00,0.75479,0.75643,0.75237,0.7536
140,2017.06.14,00:00,0.75361,0.7635,0.75323,0.75888
141,2017.06.15,00:00,0.75889,0.7631,0.75678,0.75854
142,2017.06.16,00:00,0.75855,0.76294,0.75757,0.76159
143,2017.06.18,00:00,0.76197,0.76229,0.76167,0.76185
144,2017.06.19,00:00,0.76186,0.76286,0.75845,0.75902
145,2017.06.20,00:00,0.75901,0.7623,0.75701,0.75739
146,2017.06.21,00:00,0.7574,0.7579,0.75425,0.75492
147,2017.06.22,00:00,0.75491,0.75611,0.75348,0.75412
148,2017.06.23,00:00,0.75411,0.75823,0.75401,0.75677
149,2017.06.25,00:00,0.75648,0.75707,0.7562,0.75707
150,2017.06.26,00:00,0.75708,0.75985,0.75649,0.75832
151,2017.06.27,00:00,0.75831,0.76237,0.75763,0.75848
152,2017.06.28,00:00,0.75849,0.76443,0.75766,0.76357
153,2017.06.29,00:00,0.76356,0.76877,0.76353,0.76854
154,2017.06.30,00:00,0.76852,0.77115,0.76666,0.76818
155,2017.07.02,00:00,0.76786,0.76941,0.76774,0.76862
156,2017.07.03,00:00,0.76861,0.76946,0.76441,0.7665
157,2017.07.04,00:00,0.76648,0.76818,0.75907,0.7611
158,2017.07.05,00:00,0.76111,0.76315,0.75706,0.75984
159,2017.07.06,00:00,0.75987,0.76141,0.75765,0.75789
160,2017.07.07,00:00,0.75787,0.76225,0.75717,0.76016
161,2017.07.09,00:00,0.7596,0.76049,0.75946,0.76038
162,2017.07.10,00:00,0.76039,0.76139,0.7586,0.7606
163,2017.07.11,00:00,0.76059,0.76421,0.76025,0.76378
164,2017.07.12,00:00,0.76379,0.76846,0.76361,0.76788
165,2017.07.13,00:00,0.76787,0.77426,0.76738,0.77396
166,2017.07.14,00:00,0.77395,0.78335,0.77328,0.78241
167,2017.07.16,00:00,0.78238,0.7828,0.78195,0.78234
168,2017.07.17,00:00,0.78235,0.78379,0.77865,0.77889
169,2017.07.18,00:00,0.7789,0.79423,0.77856,0.79176
170,2017.07.19,00:00,0.79175,0.79601,0.79117,0.7959
171,2017.07.20,00:00,0.79589,0.79857,0.78969,0.7946
172,2017.07.21,00:00,0.79462,0.79507,0.78743,0.79122
173,2017.07.23,00:00,0.79088,0.7927,0.7906,0.79241
174,2017.07.24,00:00,0.7924,0.79669,0.79029,0.79252
175,2017.07.25,00:00,0.79251,0.79697,0.79019,0.79301
176,2017.07.26,00:00,0.79302,0.80132,0.78773,0.79999
177,2017.07.27,00:00,0.79995,0.8065,0.79558,0.79736
178,2017.07.28,00:00,0.7974,0.80067,0.79363,0.79838
179,2017.07.30,00:00,0.79811,0.7989,0.79799,0.79807
180,2017.07.31,00:00,0.79808,0.80033,0.79556,0.80022
181,2017.08.01,00:00,0.80021,0.8042,0.79532,0.79561
182,2017.08.02,00:00,0.79562,0.79924,0.79407,0.79551
183,2017.08.03,00:00,0.79549,0.79608,0.79137,0.79567
184,2017.08.04,00:00,0.79564,0.79791,0.7891,0.79276
185,2017.08.06,00:00,0.79274,0.79378,0.79247,0.79266
186,2017.08.07,00:00,0.79267,0.79478,0.78985,0.7915
187,2017.08.08,00:00,0.79147,0.79425,0.78863,0.78942
188,2017.08.09,00:00,0.7894,0.79001,0.78547,0.78916
189,2017.08.10,00:00,0.78917,0.79099,0.78594,0.78678
190,2017.08.11,00:00,0.78675,0.79089,0.78384,0.78915
191,2017.08.13,00:00,0.78895,0.79037,0.78871,0.7903
192,2017.08.14,00:00,0.79029,0.79184,0.78446,0.7855
193,2017.08.15,00:00,0.78551,0.78759,0.78073,0.78249
194,2017.08.16,00:00,0.78245,0.79333,0.78228,0.79314
195,2017.08.17,00:00,0.79315,0.79621,0.78689,0.7874
196,2017.08.18,00:00,0.78741,0.79438,0.78725,0.79242
197,2017.08.20,00:00,0.79262,0.79288,0.79227,0.79258
198,2017.08.21,00:00,0.79257,0.79499,0.79103,0.79357
199,2017.08.22,00:00,0.79359,0.79501,0.78971,0.79103
200,2017.08.23,00:00,0.79102,0.79123,0.78815,0.79099
201,2017.08.24,00:00,0.79098,0.79152,0.78663,0.78966
202,2017.08.25,00:00,0.78965,0.79535,0.78846,0.79292
203,2017.08.27,00:00,0.79306,0.7949,0.79302,0.79407
204,2017.08.28,00:00,0.79409,0.79724,0.79048,0.79249
205,2017.08.29,00:00,0.79253,0.79824,0.79211,0.79578
206,2017.08.30,00:00,0.79576,0.79951,0.78897,0.79051
207,2017.08.31,00:00,0.79053,0.79509,0.78708,0.794
208,2017.09.01,00:00,0.79401,0.79941,0.79211,0.79678
209,2017.09.03,00:00,0.79509,0.79721,0.79509,0.79641
210,2017.09.04,00:00,0.79638,0.79701,0.794,0.79427
211,2017.09.05,00:00,0.79429,0.80279,0.79416,0.80063
212,2017.09.06,00:00,0.80058,0.80204,0.79629,0.80075
213,2017.09.07,00:00,0.80078,0.80588,0.79741,0.80556
214,2017.09.08,00:00,0.80557,0.81245,0.80493,0.80533
215,2017.09.10,00:00,0.80545,0.80558,0.80441,0.80481
216,2017.09.11,00:00,0.8048,0.80577,0.80182,0.80227
217,2017.09.12,00:00,0.80228,0.80487,0.7998,0.80163
218,2017.09.13,00:00,0.80159,0.80436,0.797,0.7979
219,2017.09.14,00:00,0.79791,0.80159,0.79552,0.80021
220,2017.09.15,00:00,0.80024,0.80343,0.79862,0.80003
221,2017.09.17,00:00,0.79963,0.80042,0.79949,0.7995
222,2017.09.18,00:00,0.79949,0.80345,0.79394,0.79697
223,2017.09.19,00:00,0.79698,0.80194,0.79615,0.80038
224,2017.09.20,00:00,0.80039,0.81015,0.79855,0.80153
225,2017.09.21,00:00,0.80152,0.80189,0.79164,0.79294
226,2017.09.22,00:00,0.79293,0.79858,0.79077,0.796
227,2017.09.24,00:00,0.79531,0.79652,0.79507,0.79613
228,2017.09.25,00:00,0.79608,0.79732,0.79257,0.79371
229,2017.09.26,00:00,0.79375,0.79481,0.78587,0.78756
230,2017.09.27,00:00,0.78762,0.78879,0.78356,0.78491
231,2017.09.28,00:00,0.78489,0.78594,0.7799,0.78473
232,2017.09.29,00:00,0.78475,0.78542,0.78161,0.78319
233,2017.10.01,00:00,0.78343,0.78471,0.78343,0.78411
234,2017.10.02,00:00,0.78412,0.78446,0.77947,0.78259
235,2017.10.03,00:00,0.78261,0.7838,0.77848,0.78353
236,2017.10.04,00:00,0.7835,0.78744,0.78331,0.78606
237,2017.10.05,00:00,0.78605,0.78628,0.77864,0.77903
238,2017.10.06,00:00,0.77907,0.77978,0.77326,0.77741
239,2017.10.08,00:00,0.77751,0.77786,0.77696,0.77774
240,2017.10.09,00:00,0.77773,0.77818,0.7747,0.77571
241,2017.10.10,00:00,0.7757,0.77963,0.77568,0.77857
242,2017.10.11,00:00,0.77858,0.78082,0.77702,0.78021
243,2017.10.12,00:00,0.78017,0.78352,0.77976,0.7827
244,2017.10.13,00:00,0.78258,0.78964,0.78215,0.78873
245,2017.10.15,00:00,0.78839,0.78893,0.78767,0.7885
246,2017.10.16,00:00,0.78851,0.78881,0.78398,0.78436
247,2017.10.17,00:00,0.78435,0.78604,0.78177,0.78489
248,2017.10.18,00:00,0.78488,0.78575,0.78186,0.78421
249,2017.10.19,00:00,0.7842,0.78835,0.78411,0.7874
250,2017.10.20,00:00,0.78741,0.78783,0.78079,0.78139
251,2017.10.22,00:00,0.78129,0.78146,0.78046,0.78056
252,2017.10.23,00:00,0.78057,0.78341,0.77957,0.78108
253,2017.10.24,00:00,0.78107,0.78243,0.77701,0.77757
254,2017.10.25,00:00,0.77755,0.77835,0.76897,0.77068
255,2017.10.26,00:00,0.77067,0.77186,0.76523,0.76611
256,2017.10.27,00:00,0.76608,0.76779,0.76246,0.76754
257,2017.10.29,00:00,0.76724,0.76744,0.76641,0.76656
258,2017.10.30,00:00,0.76658,0.76986,0.76551,0.76958
259,2017.10.31,00:00,0.76957,0.76966,0.76393,0.76589
260,2017.11.01,00:00,0.76588,0.76956,0.76478,0.76755
261,2017.11.02,00:00,0.76754,0.77293,0.76754,0.77133
262,2017.11.03,00:00,0.77132,0.77153,0.76387,0.76498
263,2017.11.05,00:00,0.76489,0.76537,0.76443,0.76493
264,2017.11.06,00:00,0.76495,0.76926,0.76379,0.76862
265,2017.11.07,00:00,0.76867,0.77001,0.76269,0.76539
266,2017.11.08,00:00,0.76538,0.76846,0.7644,0.76787
267,2017.11.09,00:00,0.76786,0.76934,0.76492,0.76815
268,2017.11.10,00:00,0.76814,0.76946,0.76535,0.76613
269,2017.11.12,00:00,0.76503,0.76553,0.76448,0.7646
270,2017.11.13,00:00,0.76459,0.76652,0.76087,0.76145
271,2017.11.14,00:00,0.76146,0.76494,0.76119,0.76295
272,2017.11.15,00:00,0.76294,0.76311,0.75729,0.7591
273,2017.11.16,00:00,0.75911,0.76092,0.75702,0.75867
274,2017.11.17,00:00,0.75866,0.76076,0.75355,0.75658
275,2017.11.19,00:00,0.75632,0.75666,0.75504,0.75524
276,2017.11.20,00:00,0.75522,0.75734,0.75436,0.75535
277,2017.11.21,00:00,0.75536,0.75899,0.75317,0.75845
278,2017.11.22,00:00,0.75844,0.7623,0.75548,0.76128
279,2017.11.23,00:00,0.76127,0.76381,0.76033,0.76243
280,2017.11.24,00:00,0.76245,0.76272,0.76062,0.76156
281,2017.11.26,00:00,0.76152,0.76168,0.76088,0.76105
282,2017.11.27,00:00,0.76104,0.76442,0.75926,0.76072
283,2017.11.28,00:00,0.76071,0.76196,0.75875,0.76057
284,2017.11.29,00:00,0.76058,0.76074,0.75515,0.75655
285,2017.11.30,00:00,0.75648,0.75943,0.75509,0.75619
286,2017.12.01,00:00,0.75618,0.76386,0.75556,0.76084
287,2017.12.03,00:00,0.75898,0.76005,0.75868,0.75874
288,2017.12.04,00:00,0.75875,0.76135,0.75789,0.76032
289,2017.12.05,00:00,0.76033,0.76532,0.75978,0.76038
290,2017.12.06,00:00,0.76037,0.7632,0.7558,0.75668
291,2017.12.07,00:00,0.75667,0.75672,0.75048,0.75105
292,2017.12.08,00:00,0.75103,0.75331,0.75008,0.75049
293,2017.12.10,00:00,0.75058,0.75115,0.7503,0.75062
294,2017.12.11,00:00,0.75063,0.75449,0.7506,0.75282
295,2017.12.12,00:00,0.75283,0.75797,0.75188,0.75557
296,2017.12.13,00:00,0.75558,0.76391,0.75532,0.76291
297,2017.12.14,00:00,0.7629,0.76791,0.76266,0.76647
298,2017.12.15,00:00,0.76646,0.76941,0.76374,0.76444
299,2017.12.17,00:00,0.76427,0.76492,0.76427,0.7646
300,2017.12.18,00:00,0.76459,0.76772,0.76403,0.76639
301,2017.12.19,00:00,0.7664,0.76835,0.76455,0.76515
302,2017.12.20,00:00,0.76514,0.76791,0.76507,0.76704
303,2017.12.21,00:00,0.76709,0.77075,0.76533,0.77052
304,2017.12.22,00:00,0.77055,0.77203,0.77015,0.77157
305,2017.12.25,00:00,0.77096,0.77234,0.77096,0.77223
306,2017.12.26,00:00,0.77209,0.773,0.77123,0.77294
307,2017.12.27,00:00,0.77293,0.77785,0.77293,0.77732
308,2017.12.28,00:00,0.77731,0.78091,0.7773,0.77933
309,2017.12.29,00:00,0.77934,0.78244,0.77878,0.78017
310,2018.01.02,00:00,0.7839,0.78442,0.78154,0.78301
311,2018.01.03,00:00,0.783,0.78444,0.78048,0.78263
312,2018.01.04,00:00,0.78261,0.78681,0.78139,0.78631
313,2018.01.05,00:00,0.7863,0.78741,0.78346,0.78731
314,2018.01.07,00:00,0.78577,0.78708,0.78577,0.78586
315,2018.01.08,00:00,0.78587,0.7872,0.78264,0.78443
316,2018.01.09,00:00,0.78442,0.7864,0.78069,0.78102
317,2018.01.10,00:00,0.78103,0.78666,0.78077,0.78459
318,2018.01.11,00:00,0.7846,0.78956,0.78372,0.78854
319,2018.01.12,00:00,0.78855,0.79158,0.78477,0.79118
320,2018.01.14,00:00,0.79009,0.79169,0.79007,0.79076
321,2018.01.15,00:00,0.79075,0.79779,0.79068,0.79596
322,2018.01.16,00:00,0.79597,0.79742,0.79365,0.797
323,2018.01.17,00:00,0.79703,0.8022,0.79397,0.79707
324,2018.01.18,00:00,0.79705,0.80112,0.79411,0.8005
325,2018.01.19,00:00,0.80051,0.80381,0.79924,0.79943
326,2018.01.21,00:00,0.79978,0.8002,0.79921,0.80009
327,2018.01.22,00:00,0.80008,0.80265,0.79783,0.80069
328,2018.01.23,00:00,0.80071,0.8029,0.79559,0.80039
329,2018.01.24,00:00,0.80035,0.80827,0.7993,0.80493
330,2018.01.25,00:00,0.80492,0.81182,0.80042,0.80282
331,2018.01.26,00:00,0.80281,0.81352,0.80247,0.8112
332,2018.01.28,00:00,0.80992,0.81174,0.80991,0.8116
333,2018.01.29,00:00,0.81158,0.81174,0.80742,0.80958
334,2018.01.30,00:00,0.80957,0.81129,0.80417,0.80987
335,2018.01.31,00:00,0.80985,0.81163,0.80345,0.80586
336,2018.02.01,00:00,0.80587,0.80667,0.79868,0.80386
337,2018.02.02,00:00,0.80387,0.80397,0.79207,0.79269
338,2018.02.04,00:00,0.79095,0.79168,0.78899,0.79041
339,2018.02.05,00:00,0.7904,0.79534,0.78718,0.78766
340,2018.02.06,00:00,0.78768,0.79094,0.78347,0.78928
341,2018.02.07,00:00,0.78927,0.79071,0.78108,0.78157
342,2018.02.08,00:00,0.78156,0.78428,0.77671,0.77881
343,2018.02.09,00:00,0.77882,0.78297,0.77587,0.78001
344,2018.02.11,00:00,0.78145,0.78205,0.78103,0.78197
345,2018.02.12,00:00,0.78198,0.78637,0.78091,0.78572
346,2018.02.13,00:00,0.78573,0.7876,0.78279,0.7861
347,2018.02.14,00:00,0.78609,0.79339,0.77724,0.79291
348,2018.02.15,00:00,0.7929,0.7966,0.78914,0.79423
349,2018.02.16,00:00,0.79422,0.7988,0.78919,0.79062
350,2018.02.18,00:00,0.79042,0.79152,0.79041,0.7911
351,2018.02.19,00:00,0.79109,0.79346,0.78975,0.79084
352,2018.02.20,00:00,0.79083,0.79331,0.78733,0.788
353,2018.02.21,00:00,0.78798,0.78999,0.77961,0.77967
354,2018.02.22,00:00,0.77968,0.78592,0.77899,0.78373
355,2018.02.23,00:00,0.78372,0.78429,0.78036,0.78334
356,2018.02.25,00:00,0.78373,0.78452,0.78335,0.78379
357,2018.02.26,00:00,0.7838,0.78928,0.78252,0.7849
358,2018.02.27,00:00,0.78488,0.78678,0.77828,0.7793
359,2018.02.28,00:00,0.77935,0.78185,0.77558,0.77625
360,2018.03.01,00:00,0.77623,0.7769,0.77118,0.77639
361,2018.03.02,00:00,0.77638,0.7773,0.77369,0.77601
362,2018.03.04,00:00,0.77575,0.77672,0.77442,0.77552
363,2018.03.05,00:00,0.77553,0.7773,0.77251,0.77639
364,2018.03.06,00:00,0.77638,0.78418,0.77558,0.77846
365,2018.03.07,00:00,0.77847,0.78293,0.77713,0.78257
366,2018.03.08,00:00,0.78256,0.7838,0.77722,0.77901
367,2018.03.09,00:00,0.77902,0.78532,0.77757,0.78466
368,2018.03.11,00:00,0.78475,0.78649,0.78475,0.78601
369,2018.03.12,00:00,0.786,0.78791,0.78536,0.78706
370,2018.03.13,00:00,0.78705,0.7897,0.78453,0.7859
371,2018.03.14,00:00,0.78588,0.79157,0.78559,0.78796
372,2018.03.15,00:00,0.78797,0.78847,0.77876,0.77884
373,2018.03.16,00:00,0.77881,0.78035,0.77091,0.77116
374,2018.03.18,00:00,0.77131,0.77183,0.7711,0.77168
375,2018.03.19,00:00,0.77166,0.77252,0.76861,0.77073
376,2018.03.20,00:00,0.77072,0.77205,0.7678,0.76887
377,2018.03.21,00:00,0.76886,0.77792,0.76716,0.77737
378,2018.03.22,00:00,0.77736,0.77844,0.76864,0.76945
379,2018.03.23,00:00,0.76946,0.77432,0.76937,0.7696
380,2018.03.25,00:00,0.77014,0.77135,0.77008,0.77091
381,2018.03.26,00:00,0.7709,0.77569,0.77079,0.7754
382,2018.03.27,00:00,0.77541,0.77565,0.76744,0.76857
383,2018.03.28,00:00,0.76856,0.77017,0.76527,0.76603
384,2018.03.29,00:00,0.76602,0.76889,0.76423,0.76855
385,2018.03.30,00:00,0.76852,0.77058,0.76721,0.76799
386,2018.04.01,00:00,0.76876,0.76882,0.76803,0.76825
387,2018.04.02,00:00,0.76826,0.76944,0.7649,0.7652
388,2018.04.03,00:00,0.76519,0.77062,0.76518,0.76808
389,2018.04.04,00:00,0.76809,0.77258,0.76622,0.77198
390,2018.04.05,00:00,0.77197,0.77235,0.7657,0.7668
391,2018.04.06,00:00,0.76681,0.76989,0.7666,0.76704
392,2018.04.08,00:00,0.76695,0.76805,0.76684,0.76777
393,2018.04.09,00:00,0.76776,0.77104,0.76515,0.76984
394,2018.04.10,00:00,0.76985,0.77684,0.76931,0.77628
395,2018.04.11,00:00,0.77629,0.77721,0.7739,0.77616
396,2018.04.12,00:00,0.77614,0.77709,0.77376,0.77572
397,2018.04.13,00:00,0.77571,0.78092,0.77571,0.77595
398,2018.04.15,00:00,0.77658,0.7778,0.77648,0.77719
399,2018.04.16,00:00,0.7772,0.77841,0.77515,0.77742
400,2018.04.17,00:00,0.77744,0.77906,0.77598,0.77666
401,2018.04.18,00:00,0.77667,0.77969,0.77443,0.77872
402,2018.04.19,00:00,0.77871,0.78122,0.77184,0.77196
403,2018.04.20,00:00,0.77198,0.77261,0.76547,0.76673
404,2018.04.22,00:00,0.76715,0.76726,0.76579,0.76584
405,2018.04.23,00:00,0.76585,0.76822,0.75988,0.76015
406,2018.04.24,00:00,0.76016,0.76202,0.75772,0.76047
407,2018.04.25,00:00,0.76044,0.76045,0.75514,0.75682
408,2018.04.26,00:00,0.75683,0.75883,0.75464,0.75532
409,2018.04.27,00:00,0.75533,0.75833,0.75315,0.75804
410,2018.04.29,00:00,0.75761,0.75802,0.75706,0.75726
411,2018.04.30,00:00,0.75727,0.75814,0.75247,0.75314
412,2018.05.01,00:00,0.75313,0.75459,0.74721,0.74816
413,2018.05.02,00:00,0.74817,0.75367,0.74749,0.74862
414,2018.05.03,00:00,0.74861,0.75422,0.7485,0.7528
415,2018.05.04,00:00,0.75281,0.75599,0.74916,0.75377
416,2018.05.06,00:00,0.75371,0.7539,0.75227,0.75227
417,2018.05.07,00:00,0.75228,0.75425,0.74926,0.75187
418,2018.05.08,00:00,0.75178,0.75274,0.74331,0.74463
419,2018.05.09,00:00,0.74464,0.74721,0.74117,0.74565
420,2018.05.10,00:00,0.74566,0.75392,0.74542,0.75256
421,2018.05.11,00:00,0.75257,0.75662,0.75221,0.75362
422,2018.05.13,00:00,0.75435,0.75528,0.7541,0.755
423,2018.05.14,00:00,0.75497,0.75645,0.75207,0.75253
424,2018.05.15,00:00,0.75252,0.75369,0.74472,0.74671
425,2018.05.16,00:00,0.74672,0.75227,0.74465,0.75162
426,2018.05.17,00:00,0.75163,0.75469,0.74971,0.75043
427,2018.05.18,00:00,0.75044,0.75274,0.74878,0.75064
428,2018.05.20,00:00,0.75254,0.75257,0.75169,0.75221
429,2018.05.21,00:00,0.75222,0.75868,0.75022,0.75812
430,2018.05.22,00:00,0.75813,0.76047,0.75654,0.75778
431,2018.05.23,00:00,0.75779,0.75819,0.7522,0.75653
432,2018.05.24,00:00,0.75652,0.75821,0.75415,0.75705
433,2018.05.25,00:00,0.75706,0.75895,0.7542,0.75444
434,2018.05.27,00:00,0.7561,0.7561,0.75542,0.75559
435,2018.05.28,00:00,0.75558,0.75804,0.75387,0.75447
436,2018.05.29,00:00,0.75448,0.75521,0.74756,0.74823
437,2018.05.30,00:00,0.74824,0.75832,0.74822,0.75697
438,2018.05.31,00:00,0.75696,0.75926,0.75521,0.75619
439,2018.06.01,00:00,0.7562,0.75721,0.75135,0.75659
440,2018.06.03,00:00,0.7571,0.75712,0.75598,0.75667
441,2018.06.04,00:00,0.75669,0.76658,0.75667,0.76513
442,2018.06.05,00:00,0.76514,0.76553,0.75941,0.7623
443,2018.06.06,00:00,0.76229,0.7676,0.7622,0.76634
444,2018.06.07,00:00,0.76633,0.76722,0.76118,0.76157
445,2018.06.08,00:00,0.7616,0.76266,0.756,0.75959
446,2018.06.10,00:00,0.75947,0.76028,0.75907,0.76017
447,2018.06.11,00:00,0.76016,0.7621,0.75945,0.76028
448,2018.06.12,00:00,0.76026,0.7623,0.7565,0.75735
449,2018.06.13,00:00,0.75734,0.76083,0.75287,0.75686
450,2018.06.14,00:00,0.75687,0.75771,0.74641,0.74646
451,2018.06.15,00:00,0.74644,0.74799,0.74379,0.74379
452,2018.06.17,00:00,0.74398,0.74419,0.74361,0.74401
453,2018.06.18,00:00,0.74399,0.74537,0.73929,0.74022
454,2018.06.19,00:00,0.74023,0.74264,0.73465,0.73888
455,2018.06.20,00:00,0.73889,0.74083,0.73651,0.73709
456,2018.06.21,00:00,0.73708,0.7393,0.73449,0.73754
457,2018.06.22,00:00,0.73756,0.7443,0.73753,0.74386
458,2018.06.24,00:00,0.74405,0.74418,0.7435,0.74388
459,2018.06.25,00:00,0.74387,0.74388,0.73956,0.74085
460,2018.06.26,00:00,0.74086,0.74224,0.73794,0.73912
461,2018.06.27,00:00,0.73911,0.74066,0.73223,0.73402
462,2018.06.28,00:00,0.73403,0.73614,0.73293,0.73471
463,2018.06.29,00:00,0.73469,0.74087,0.73351,0.74031
464,2018.07.01,00:00,0.73969,0.74047,0.73949,0.73973
465,2018.07.02,00:00,0.73971,0.7398,0.73099,0.73376
466,2018.07.03,00:00,0.73375,0.74036,0.73137,0.73777
467,2018.07.04,00:00,0.73776,0.74237,0.73737,0.73786
468,2018.07.05,00:00,0.73787,0.74076,0.73608,0.73857
469,2018.07.06,00:00,0.73856,0.74434,0.73754,0.7428
470,2018.07.08,00:00,0.74305,0.74368,0.74274,0.74361
471,2018.07.09,00:00,0.7436,0.7483,0.74341,0.74691
472,2018.07.10,00:00,0.74692,0.74831,0.74121,0.7415
473,2018.07.11,00:00,0.74149,0.74283,0.73596,0.73645
474,2018.07.12,00:00,0.73646,0.7419,0.73608,0.74066
475,2018.07.13,00:00,0.74069,0.74231,0.73676,0.74226
476,2018.07.15,00:00,0.74147,0.74223,0.7412,0.74174
477,2018.07.16,00:00,0.74173,0.74419,0.74084,0.74128
478,2018.07.17,00:00,0.74129,0.74376,0.73752,0.73773
479,2018.07.18,00:00,0.73772,0.74068,0.73426,0.73977
480,2018.07.19,00:00,0.73978,0.74406,0.73216,0.73617
481,2018.07.20,00:00,0.73619,0.74305,0.73172,0.74176
482,2018.07.22,00:00,0.74203,0.74372,0.7418,0.7431
483,2018.07.23,00:00,0.74308,0.74353,0.73709,0.73792
484,2018.07.24,00:00,0.73791,0.74335,0.7359,0.74248
485,2018.07.25,00:00,0.74247,0.74637,0.73914,0.74587
486,2018.07.26,00:00,0.74591,0.74626,0.73715,0.73801
487,2018.07.27,00:00,0.73803,0.74141,0.73694,0.73992
488,2018.07.29,00:00,0.74017,0.74035,0.73974,0.73977
489,2018.07.30,00:00,0.73978,0.74126,0.73851,0.74071
490,2018.07.31,00:00,0.74069,0.74402,0.74035,0.74187
491,2018.08.01,00:00,0.74186,0.74234,0.73891,0.74046
492,2018.08.02,00:00,0.74045,0.74107,0.73546,0.7359
493,2018.08.03,00:00,0.73591,0.7411,0.73477,0.7395
494,2018.08.05,00:00,0.73965,0.73993,0.73929,0.7393
495,2018.08.06,00:00,0.73931,0.74048,0.73736,0.73851
496,2018.08.07,00:00,0.7385,0.74389,0.73835,0.74244
497,2018.08.08,00:00,0.74245,0.74388,0.73825,0.74254
498,2018.08.09,00:00,0.74256,0.74525,0.73651,0.73718
499,2018.08.10,00:00,0.73717,0.73747,0.728,0.72928
500,2018.08.12,00:00,0.72826,0.72993,0.72774,0.72874
501,2018.08.13,00:00,0.72876,0.72916,0.72559,0.7265
502,2018.08.14,00:00,0.72651,0.72826,0.72234,0.72349
503,2018.08.15,00:00,0.72348,0.7247,0.72018,0.72322
504,2018.08.16,00:00,0.72323,0.72861,0.72143,0.72581
505,2018.08.17,00:00,0.72582,0.73185,0.72521,0.7315
506,2018.08.19,00:00,0.73126,0.73142,0.73066,0.7308
507,2018.08.20,00:00,0.73079,0.7346,0.72951,0.73357
508,2018.08.21,00:00,0.73359,0.73811,0.73325,0.73605
509,2018.08.22,00:00,0.73607,0.73696,0.73309,0.73332
510,2018.08.23,00:00,0.73331,0.73341,0.72399,0.72427
511,2018.08.24,00:00,0.72429,0.73439,0.72372,0.73231
512,2018.08.26,00:00,0.73298,0.73448,0.73298,0.73415
513,2018.08.27,00:00,0.73414,0.7356,0.73066,0.73489
514,2018.08.28,00:00,0.73488,0.73618,0.73205,0.73441
515,2018.08.29,00:00,0.73439,0.73484,0.72743,0.73102
516,2018.08.30,00:00,0.73101,0.73101,0.72487,0.72614
517,2018.08.31,00:00,0.72615,0.72638,0.71752,0.71886
518,2018.09.02,00:00,0.71887,0.71912,0.71819,0.7188
519,2018.09.03,00:00,0.71879,0.72229,0.71651,0.72069
520,2018.09.04,00:00,0.72068,0.72349,0.71567,0.71841
521,2018.09.05,00:00,0.71843,0.72177,0.71439,0.71946
522,2018.09.06,00:00,0.71947,0.72103,0.71655,0.71896
523,2018.09.07,00:00,0.71894,0.71926,0.70979,0.71019
524,2018.09.09,00:00,0.71026,0.71143,0.71026,0.71137
525,2018.09.10,00:00,0.71134,0.71312,0.70982,0.71084
526,2018.09.11,00:00,0.71083,0.71282,0.70846,0.71097
527,2018.09.12,00:00,0.71098,0.71818,0.70928,0.71697
528,2018.09.13,00:00,0.71698,0.72286,0.71672,0.7186
529,2018.09.14,00:00,0.71861,0.72156,0.71499,0.7153
530,2018.09.16,00:00,0.7153,0.71539,0.71414,0.71421
531,2018.09.17,00:00,0.7142,0.71958,0.71412,0.7144
532,2018.09.18,00:00,0.71439,0.72337,0.71435,0.72236
533,2018.09.19,00:00,0.72237,0.72744,0.72127,0.72583
534,2018.09.20,00:00,0.72582,0.72922,0.72533,0.72855
535,2018.09.21,00:00,0.72856,0.73033,0.72622,0.72872
536,2018.09.23,00:00,0.72658,0.72779,0.72658,0.72756
537,2018.09.24,00:00,0.72755,0.72809,0.72462,0.72517
538,2018.09.25,00:00,0.72516,0.72624,0.72356,0.72474
539,2018.09.26,00:00,0.72473,0.73145,0.72402,0.72558
540,2018.09.27,00:00,0.72555,0.72671,0.72015,0.72044
541,2018.09.28,00:00,0.72045,0.72407,0.72022,0.72143
542,2018.09.30,00:00,0.72219,0.72313,0.72214,0.72229
543,2018.10.01,00:00,0.72227,0.72301,0.72064,0.72267
544,2018.10.02,00:00,0.72269,0.72374,0.71618,0.71862
545,2018.10.03,00:00,0.71865,0.71962,0.70927,0.7095
546,2018.10.04,00:00,0.70949,0.71032,0.70649,0.70781
547,2018.10.05,00:00,0.70779,0.70865,0.70417,0.7048
548,2018.10.07,00:00,0.70554,0.70559,0.70518,0.70535
549,2018.10.08,00:00,0.70527,0.70808,0.70406,0.70712
550,2018.10.09,00:00,0.7071,0.71165,0.70536,0.71143
551,2018.10.10,00:00,0.71141,0.71299,0.70423,0.70626
552,2018.10.11,00:00,0.70625,0.71286,0.70587,0.71234
553,2018.10.12,00:00,0.71232,0.71391,0.71013,0.71146
554,2018.10.14,00:00,0.71076,0.71096,0.71033,0.71061
555,2018.10.15,00:00,0.71062,0.71482,0.7098,0.71348
556,2018.10.16,00:00,0.71349,0.71503,0.71113,0.71378
557,2018.10.17,00:00,0.7138,0.7159,0.7104,0.71101
558,2018.10.18,00:00,0.711,0.71504,0.709,0.70953
559,2018.10.19,00:00,0.70954,0.71495,0.70885,0.71198
560,2018.10.21,00:00,0.71227,0.71234,0.71103,0.71131
561,2018.10.22,00:00,0.7113,0.71246,0.70705,0.70715
562,2018.10.23,00:00,0.70714,0.70919,0.70548,0.70911
563,2018.10.24,00:00,0.70912,0.71057,0.70522,0.70622
564,2018.10.25,00:00,0.70623,0.70989,0.70562,0.70803
565,2018.10.26,00:00,0.70805,0.71033,0.70204,0.70901
566,2018.10.28,00:00,0.70908,0.71013,0.709,0.70965
567,2018.10.29,00:00,0.70967,0.71081,0.70478,0.70616
568,2018.10.30,00:00,0.70617,0.71215,0.70576,0.70973
569,2018.10.31,00:00,0.70974,0.71061,0.70672,0.7082
570,2018.11.01,00:00,0.70821,0.72119,0.70795,0.72042
571,2018.11.02,00:00,0.72041,0.72578,0.71819,0.71972
572,2018.11.04,00:00,0.71848,0.7204,0.71848,0.7198
573,2018.11.05,00:00,0.71981,0.72173,0.71818,0.72112
574,2018.11.06,00:00,0.72111,0.72457,0.72045,0.72419
575,2018.11.07,00:00,0.72416,0.72992,0.72124,0.72738
576,2018.11.08,00:00,0.72737,0.7302,0.72465,0.7265
577,2018.11.09,00:00,0.72649,0.72698,0.72185,0.7227
578,2018.11.11,00:00,0.7215,0.72281,0.72133,0.72258
579,2018.11.12,00:00,0.72259,0.7237,0.71694,0.71739
580,2018.11.13,00:00,0.71738,0.72356,0.71635,0.72299
581,2018.11.14,00:00,0.72298,0.72531,0.71874,0.72321
582,2018.11.15,00:00,0.7232,0.72977,0.72314,0.72706
583,2018.11.16,00:00,0.72707,0.73346,0.72496,0.73338
584,2018.11.18,00:00,0.7307,0.73243,0.7307,0.73168
585,2018.11.19,00:00,0.73167,0.7325,0.72768,0.72948
586,2018.11.20,00:00,0.72949,0.73,0.72017,0.7216
587,2018.11.21,00:00,0.72159,0.72766,0.72093,0.72616
588,2018.11.22,00:00,0.72617,0.72675,0.72335,0.72493
589,2018.11.23,00:00,0.72495,0.72541,0.72181,0.72293
590,2018.11.25,00:00,0.72235,0.72368,0.72235,0.72316
591,2018.11.26,00:00,0.7232,0.72754,0.72116,0.72228
592,2018.11.27,00:00,0.72229,0.72686,0.71986,0.72278
593,2018.11.28,00:00,0.72277,0.73272,0.72206,0.73006
594,2018.11.29,00:00,0.73005,0.73438,0.72946,0.73214
595,2018.11.30,00:00,0.73213,0.73253,0.72837,0.73081
596,2018.12.02,00:00,0.73728,0.73785,0.7355,0.73732
597,2018.12.03,00:00,0.73734,0.73924,0.73458,0.73555
598,2018.12.04,00:00,0.73556,0.73928,0.73255,0.73441
599,2018.12.05,00:00,0.73443,0.73554,0.72569,0.72637
600,2018.12.06,00:00,0.72638,0.72654,0.71911,0.7233
601,2018.12.07,00:00,0.72329,0.72408,0.71978,0.72058
602,2018.12.09,00:00,0.71858,0.71954,0.71774,0.71799
603,2018.12.10,00:00,0.71798,0.72261,0.71788,0.71902
604,2018.12.11,00:00,0.71903,0.72244,0.71841,0.7212
605,2018.12.12,00:00,0.72119,0.72372,0.72008,0.72161
606,2018.12.13,00:00,0.72159,0.7246,0.72117,0.72217
607,2018.12.14,00:00,0.72218,0.72278,0.71504,0.71782
608,2018.12.16,00:00,0.71712,0.71783,0.71711,0.71748
609,2018.12.17,00:00,0.71749,0.71864,0.71678,0.71779
610,2018.12.18,00:00,0.71789,0.72028,0.71646,0.71884
611,2018.12.19,00:00,0.71883,0.72,0.70866,0.71121
612,2018.12.20,00:00,0.71119,0.71482,0.70853,0.71151
613,2018.12.21,00:00,0.71148,0.71221,0.7039,0.70391
614,2018.12.23,00:00,0.70337,0.70505,0.70326,0.70484
615,2018.12.24,00:00,0.70483,0.70684,0.70369,0.70487
616,2018.12.25,00:00,0.70487,0.70487,0.70264,0.70451
617,2018.12.26,00:00,0.7045,0.70769,0.70319,0.70732
618,2018.12.27,00:00,0.70734,0.70765,0.70163,0.70338
619,2018.12.28,00:00,0.70334,0.70685,0.70297,0.70378
620,2018.12.30,00:00,0.70413,0.70484,0.70405,0.70425
621,2018.12.31,00:00,0.70424,0.70705,0.7032,0.70425
622,2019.01.01,00:00,0.70441,0.70513,0.70419,0.70473
623,2019.01.02,00:00,0.70472,0.70479,0.65144,0.69158
624,2019.01.03,00:00,0.69157,0.70187,0.69157,0.70051
625,2019.01.04,00:00,0.70049,0.71239,0.69929,0.71147
626,2019.01.06,00:00,0.71131,0.71239,0.71073,0.7123
627,2019.01.07,00:00,0.71227,0.71491,0.7114,0.71438
628,2019.01.08,00:00,0.71439,0.71704,0.71158,0.71644
629,2019.01.09,00:00,0.71635,0.71931,0.71426,0.71739
630,2019.01.10,00:00,0.71743,0.7197,0.71453,0.71861
631,2019.01.11,00:00,0.71863,0.72343,0.71815,0.72028
632,2019.01.13,00:00,0.72098,0.72103,0.72002,0.72002
633,2019.01.14,00:00,0.72003,0.72172,0.71747,0.71983
634,2019.01.15,00:00,0.71986,0.7225,0.71794,0.72061
635,2019.01.16,00:00,0.7206,0.72115,0.71612,0.71711
636,2019.01.17,00:00,0.71712,0.72208,0.71462,0.71887
637,2019.01.18,00:00,0.71886,0.72138,0.71615,0.71673
638,2019.01.20,00:00,0.71659,0.71659,0.71536,0.71622
639,2019.01.21,00:00,0.71621,0.718,0.71393,0.71582
640,2019.01.22,00:00,0.71581,0.71597,0.71153,0.71204
641,2019.01.23,00:00,0.71203,0.71463,0.7119,0.71462
642,2019.01.24,00:00,0.71461,0.71661,0.70765,0.70917
643,2019.01.25,00:00,0.70915,0.71834,0.70753,0.71829
644,2019.01.27,00:00,0.71665,0.71848,0.71665,0.71776
645,2019.01.28,00:00,0.71777,0.72032,0.7158,0.7165
646,2019.01.29,00:00,0.71648,0.71755,0.71372,0.71564
647,2019.01.30,00:00,0.71561,0.72724,0.71453,0.72529
648,2019.01.31,00:00,0.72527,0.72946,0.7245,0.72712
649,2019.02.01,00:00,0.72711,0.72836,0.7236,0.72501
650,2019.02.03,00:00,0.72462,0.72494,0.72319,0.72472
651,2019.02.04,00:00,0.7247,0.72536,0.72107,0.72124
652,2019.02.05,00:00,0.72123,0.72639,0.71929,0.72416
653,2019.02.06,00:00,0.72417,0.7245,0.70972,0.71099
654,2019.02.07,00:00,0.71097,0.71168,0.70888,0.70934
655,2019.02.08,00:00,0.70933,0.71007,0.70597,0.70858
656,2019.02.10,00:00,0.70773,0.71072,0.70671,0.70995
657,2019.02.11,00:00,0.70997,0.71073,0.70536,0.70615
658,2019.02.12,00:00,0.70614,0.71073,0.70532,0.71028
659,2019.02.13,00:00,0.7103,0.71352,0.70821,0.70906
660,2019.02.14,00:00,0.70903,0.71309,0.70719,0.71033
661,2019.02.15,00:00,0.71034,0.71478,0.70787,0.71411
662,2019.02.17,00:00,0.71279,0.71471,0.71279,0.71443
663,2019.02.18,00:00,0.71442,0.71599,0.71225,0.71304
664,2019.02.19,00:00,0.71303,0.71731,0.71027,0.71665
665,2019.02.20,00:00,0.71666,0.71822,0.71405,0.71679
666,2019.02.21,00:00,0.71682,0.72062,0.70692,0.71075
667,2019.02.22,00:00,0.71074,0.71497,0.70821,0.71301
668,2019.02.24,00:00,0.71302,0.71572,0.71257,0.71561
669,2019.02.25,00:00,0.7156,0.71836,0.71336,0.71714
670,2019.02.26,00:00,0.71713,0.71982,0.71414,0.71925
671,2019.02.27,00:00,0.71924,0.71951,0.71267,0.71463
672,2019.02.28,00:00,0.71466,0.71653,0.70877,0.71007
673,2019.03.01,00:00,0.71005,0.71211,0.70687,0.70749
674,2019.03.03,00:00,0.71081,0.71081,0.70914,0.70985
675,2019.03.04,00:00,0.70987,0.71017,0.70745,0.7089
676,2019.03.05,00:00,0.70889,0.7095,0.70582,0.70866
677,2019.03.06,00:00,0.70865,0.70915,0.70205,0.70314
678,2019.03.07,00:00,0.70315,0.7051,0.70045,0.70229
679,2019.03.08,00:00,0.70228,0.70516,0.70025,0.70439
680,2019.03.10,00:00,0.7032,0.70418,0.70294,0.70368
681,2019.03.11,00:00,0.70369,0.70788,0.7026,0.70709
682,2019.03.12,00:00,0.70708,0.70913,0.7054,0.70618
683,2019.03.13,00:00,0.70619,0.70973,0.70483,0.70851
684,2019.03.14,00:00,0.70852,0.70856,0.70408,0.70672
685,2019.03.15,00:00,0.70671,0.70966,0.70655,0.70789
686,2019.03.17,00:00,0.70831,0.70853,0.70778,0.70827
687,2019.03.18,00:00,0.70823,0.71189,0.70816,0.70979
688,2019.03.19,00:00,0.70976,0.71101,0.7084,0.7087
689,2019.03.20,00:00,0.70866,0.71491,0.70561,0.71324
690,2019.03.21,00:00,0.71325,0.71676,0.70891,0.71058
691,2019.03.22,00:00,0.71063,0.71145,0.70751,0.70775
692,2019.03.24,00:00,0.70801,0.70821,0.70734,0.708
693,2019.03.25,00:00,0.70801,0.71162,0.70648,0.71151
694,2019.03.26,00:00,0.7115,0.71471,0.71128,0.7136
695,2019.03.27,00:00,0.71361,0.71381,0.7068,0.70832
696,2019.03.28,00:00,0.70821,0.71055,0.70638,0.70818
697,2019.03.29,00:00,0.70816,0.71041,0.70737,0.70949
698,2019.03.31,00:00,0.71086,0.71158,0.71032,0.71101
699,2019.04.01,00:00,0.71102,0.71311,0.70998,0.71089
700,2019.04.02,00:00,0.71092,0.71289,0.70519,0.70566
701,2019.04.03,00:00,0.70565,0.71291,0.70538,0.71164
702,2019.04.04,00:00,0.71163,0.71266,0.70971,0.7108
703,2019.04.05,00:00,0.71081,0.71312,0.70917,0.70998
704,2019.04.07,00:00,0.71049,0.7108,0.70992,0.70996
705,2019.04.08,00:00,0.70997,0.71301,0.7087,0.71205
706,2019.04.09,00:00,0.71211,0.71516,0.71191,0.71271
707,2019.04.10,00:00,0.71269,0.71742,0.71089,0.71655
708,2019.04.11,00:00,0.71656,0.71677,0.7116,0.71223
709,2019.04.12,00:00,0.71222,0.71916,0.71153,0.71709
710,2019.04.14,00:00,0.71754,0.71754,0.67136,0.717
711,2019.04.15,00:00,0.71698,0.71816,0.71633,0.71725
712,2019.04.16,00:00,0.71724,0.71786,0.71391,0.71635
713,2019.04.17,00:00,0.71637,0.72044,0.71559,0.71719
714,2019.04.18,00:00,0.71722,0.71972,0.71362,0.71458
715,2019.04.19,00:00,0.71457,0.71574,0.71409,0.71461
716,2019.04.21,00:00,0.71465,0.71512,0.71397,0.7147
717,2019.04.22,00:00,0.71468,0.71501,0.71277,0.71332
718,2019.04.23,00:00,0.71335,0.71335,0.70804,0.70964
719,2019.04.24,00:00,0.70965,0.70981,0.70037,0.70129
720,2019.04.25,00:00,0.7013,0.70223,0.69877,0.70164
721,2019.04.26,00:00,0.70163,0.70606,0.70066,0.70359
722,2019.04.28,00:00,0.70402,0.70439,0.70373,0.70422
723,2019.04.29,00:00,0.70421,0.70603,0.70386,0.70544
724,2019.04.30,00:00,0.70542,0.70681,0.70305,0.70489
725,2019.05.01,00:00,0.70488,0.70605,0.70069,0.70131
726,2019.05.02,00:00,0.70132,0.70287,0.69925,0.69929
727,2019.05.03,00:00,0.69934,0.70237,0.69838,0.70195
728,2019.05.05,00:00,0.69809,0.69973,0.69718,0.69731
729,2019.05.06,00:00,0.69733,0.7002,0.69624,0.69919
730,2019.05.07,00:00,0.69918,0.70475,0.69751,0.70073
731,2019.05.08,00:00,0.70072,0.70263,0.6983,0.69908
732,2019.05.09,00:00,0.69912,0.69973,0.69641,0.69869
733,2019.05.10,00:00,0.69874,0.70179,0.69778,0.69946
734,2019.05.12,00:00,0.69935,0.69981,0.69829,0.69829
735,2019.05.13,00:00,0.69833,0.69855,0.69389,0.6944
736,2019.05.14,00:00,0.69441,0.69588,0.69345,0.69371
737,2019.05.15,00:00,0.69372,0.69375,0.69142,0.69252
738,2019.05.16,00:00,0.69249,0.69324,0.68856,0.6891
739,2019.05.17,00:00,0.68911,0.68966,0.68642,0.68662
740,2019.05.19,00:00,0.68995,0.69047,0.68894,0.69011
741,2019.05.20,00:00,0.69012,0.69335,0.68986,0.69192
742,2019.05.21,00:00,0.69196,0.69233,0.68658,0.68821
743,2019.05.22,00:00,0.6882,0.68962,0.68708,0.68765
744,2019.05.23,00:00,0.68766,0.69037,0.68652,0.68977
745,2019.05.24,00:00,0.68976,0.69341,0.68807,0.69256
746,2019.05.26,00:00,0.69273,0.69354,0.69272,0.69292
747,2019.05.27,00:00,0.69296,0.6938,0.69112,0.69196
748,2019.05.28,00:00,0.69196,0.6935,0.69158,0.69243
749,2019.05.29,00:00,0.69246,0.69309,0.69037,0.69179
750,2019.05.30,00:00,0.69182,0.69362,0.68982,0.69046
751,2019.05.31,00:00,0.69047,0.69434,0.69007,0.69352
752,2019.06.02,00:00,0.69319,0.69337,0.69277,0.69281
753,2019.06.03,00:00,0.69282,0.69819,0.69267,0.69694
754,2019.06.04,00:00,0.69697,0.70036,0.69551,0.69901
755,2019.06.05,00:00,0.699,0.70067,0.69571,0.69692
756,2019.06.06,00:00,0.69694,0.69937,0.6963,0.69733
757,2019.06.07,00:00,0.69736,0.70216,0.69635,0.69974
758,2019.06.09,00:00,0.70022,0.70025,0.69921,0.69948
759,2019.06.10,00:00,0.69945,0.69987,0.69563,0.69608
760,2019.06.11,00:00,0.69611,0.69658,0.69466,0.69605
761,2019.06.12,00:00,0.69601,0.69627,0.69238,0.69291
762,2019.06.13,00:00,0.69289,0.6937,0.69007,0.69107
763,2019.06.14,00:00,0.69105,0.69135,0.6861,0.68666
764,2019.06.16,00:00,0.68708,0.68792,0.68707,0.68769
765,2019.06.17,00:00,0.68766,0.6884,0.68483,0.68516
766,2019.06.18,00:00,0.68513,0.6881,0.68312,0.68806
767,2019.06.19,00:00,0.68805,0.69083,0.68543,0.68848
768,2019.06.20,00:00,0.68849,0.69353,0.68797,0.69204
769,2019.06.21,00:00,0.692,0.69372,0.69029,0.69206
770,2019.06.23,00:00,0.69289,0.69461,0.69282,0.69457
771,2019.06.24,00:00,0.69461,0.69685,0.69426,0.69654
772,2019.06.25,00:00,0.69664,0.69776,0.69412,0.69599
773,2019.06.26,00:00,0.69603,0.69942,0.69498,0.69847
774,2019.06.27,00:00,0.6985,0.70084,0.69836,0.70045
775,2019.06.28,00:00,0.70042,0.70223,0.69975,0.70143
776,2019.06.30,00:00,0.70301,0.70307,0.70219,0.70219
777,2019.07.01,00:00,0.70215,0.70229,0.69556,0.69645
778,2019.07.02,00:00,0.69643,0.69996,0.69537,0.69936
779,2019.07.03,00:00,0.69935,0.70386,0.69849,0.70301
780,2019.07.04,00:00,0.70298,0.70471,0.70148,0.7024
781,2019.07.05,00:00,0.70239,0.70282,0.69569,0.69757
782,2019.07.07,00:00,0.6982,0.6983,0.69789,0.69805
783,2019.07.08,00:00,0.69804,0.69935,0.69659,0.69715
784,2019.07.09,00:00,0.69714,0.6974,0.69199,0.69247
785,2019.07.10,00:00,0.69248,0.69685,0.69099,0.69579
786,2019.07.11,00:00,0.69583,0.69874,0.69535,0.69714
787,2019.07.12,00:00,0.69712,0.70242,0.69705,0.70156
788,2019.07.14,00:00,0.70194,0.70224,0.7016,0.70164
789,2019.07.15,00:00,0.70169,0.70436,0.70114,0.70372
790,2019.07.16,00:00,0.70374,0.70422,0.70094,0.70149
791,2019.07.17,00:00,0.70148,0.70241,0.69956,0.70078
792,2019.07.18,00:00,0.70077,0.70813,0.70043,0.70676
793,2019.07.19,00:00,0.70672,0.70765,0.70362,0.70367
794,2019.07.21,00:00,0.70435,0.70459,0.70403,0.70422
795,2019.07.22,00:00,0.70424,0.70568,0.70274,0.70286
796,2019.07.23,00:00,0.70289,0.70345,0.69918,0.69944
797,2019.07.24,00:00,0.69944,0.6995,0.69722,0.69772
798,2019.07.25,00:00,0.69768,0.69834,0.69419,0.69501
799,2019.07.26,00:00,0.69499,0.69545,0.69019,0.69081
800,2019.07.28,00:00,0.6909,0.69121,0.69046,0.69053
801,2019.07.29,00:00,0.69057,0.69159,0.68941,0.68975
802,2019.07.30,00:00,0.68972,0.69078,0.68682,0.68738
803,2019.07.31,00:00,0.68733,0.68986,0.68313,0.68444
804,2019.08.01,00:00,0.68445,0.68675,0.67944,0.68012
805,2019.08.02,00:00,0.68013,0.68182,0.67622,0.67957
806,2019.08.04,00:00,0.67935,0.67942,0.67887,0.67892
807,2019.08.05,00:00,0.67895,0.68035,0.67475,0.67619
808,2019.08.06,00:00,0.6762,0.68002,0.67509,0.67617
809,2019.08.07,00:00,0.6762,0.6782,0.66767,0.67568
810,2019.08.08,00:00,0.67563,0.68214,0.67455,0.68098
811,2019.08.09,00:00,0.68094,0.68176,0.67782,0.67793
812,2019.08.11,00:00,0.67816,0.67849,0.67751,0.67765
813,2019.08.12,00:00,0.67767,0.67951,0.67443,0.6755
814,2019.08.13,00:00,0.67553,0.68172,0.67468,0.67962
815,2019.08.14,00:00,0.67959,0.68078,0.67352,0.67538
816,2019.08.15,00:00,0.6754,0.67893,0.6751,0.67718
817,2019.08.16,00:00,0.67722,0.67946,0.677,0.67777
818,2019.08.18,00:00,0.67818,0.67861,0.67795,0.67851
819,2019.08.19,00:00,0.67852,0.67883,0.67539,0.67546
820,2019.08.20,00:00,0.67549,0.67945,0.67549,0.67732
821,2019.08.21,00:00,0.67731,0.67986,0.67725,0.67838
822,2019.08.22,00:00,0.67834,0.67838,0.67503,0.6755
823,2019.08.23,00:00,0.67552,0.67771,0.67353,0.67457
824,2019.08.25,00:00,0.67351,0.67358,0.66887,0.67057
825,2019.08.26,00:00,0.67061,0.67875,0.6706,0.6769
826,2019.08.27,00:00,0.67689,0.67761,0.6746,0.67539
827,2019.08.28,00:00,0.6754,0.67617,0.67314,0.6739
828,2019.08.29,00:00,0.67391,0.67525,0.67166,0.67349
829,2019.08.30,00:00,0.67351,0.67393,0.67051,0.67292
830,2019.09.01,00:00,0.67224,0.67336,0.67224,0.67253
831,2019.09.02,00:00,0.67256,0.67341,0.67093,0.67111
832,2019.09.03,00:00,0.67113,0.67635,0.66872,0.67625
833,2019.09.04,00:00,0.67626,0.68003,0.67585,0.67962
834,2019.09.05,00:00,0.67964,0.68292,0.67957,0.68112
835,2019.09.06,00:00,0.68113,0.68609,0.68065,0.68423
836,2019.09.08,00:00,0.68452,0.68488,0.68436,0.68454
837,2019.09.09,00:00,0.68458,0.68752,0.6837,0.68634
838,2019.09.10,00:00,0.68629,0.68695,0.68483,0.68576
839,2019.09.11,00:00,0.68573,0.6884,0.68481,0.68747
840,2019.09.12,00:00,0.68751,0.68941,0.68597,0.68625
841,2019.09.13,00:00,0.68623,0.68898,0.68584,0.68735
842,2019.09.15,00:00,0.68657,0.68827,0.68655,0.68771
843,2019.09.16,00:00,0.6877,0.68833,0.68533,0.68608
844,2019.09.17,00:00,0.68607,0.68685,0.68298,0.68651
845,2019.09.18,00:00,0.68652,0.68658,0.68118,0.68224
846,2019.09.19,00:00,0.68225,0.68229,0.67797,0.67904
847,2019.09.20,00:00,0.67905,0.68082,0.67596,0.67622
848,2019.09.22,00:00,0.67658,0.67725,0.67639,0.67678
849,2019.09.23,00:00,0.67681,0.67808,0.67648,0.67729
850,2019.09.24,00:00,0.67726,0.68056,0.67646,0.67966
851,2019.09.25,00:00,0.67969,0.68032,0.67383,0.67535
852,2019.09.26,00:00,0.67536,0.67802,0.67451,0.67527
853,2019.09.27,00:00,0.67522,0.67786,0.6743,0.67586
854,2019.09.29,00:00,0.67624,0.6765,0.67568,0.67608
855,2019.09.30,00:00,0.67606,0.67694,0.67406,0.67499
856,2019.10.01,00:00,0.675,0.67744,0.66711,0.67073
857,2019.10.02,00:00,0.67077,0.6718,0.66701,0.67074
858,2019.10.03,00:00,0.67078,0.67524,0.6702,0.6744
859,2019.10.04,00:00,0.67444,0.67732,0.6743,0.67671
860,2019.10.06,00:00,0.67605,0.67647,0.67574,0.67627
861,2019.10.07,00:00,0.67626,0.67637,0.6728,0.67314
862,2019.10.08,00:00,0.67315,0.67567,0.67221,0.67277
863,2019.10.09,00:00,0.67276,0.67491,0.67097,0.67181
864,2019.10.10,00:00,0.67186,0.67739,0.67128,0.67619
865,2019.10.11,00:00,0.67616,0.68098,0.67589,0.67892
866,2019.10.13,00:00,0.67945,0.67962,0.67884,0.67952
867,2019.10.14,00:00,0.67956,0.68009,0.67504,0.67744
868,2019.10.15,00:00,0.67745,0.67882,0.67422,0.67525
869,2019.10.16,00:00,0.67523,0.67649,0.6723,0.67552
870,2019.10.17,00:00,0.67553,0.68326,0.67531,0.68241
871,2019.10.18,00:00,0.68239,0.6856,0.68221,0.68551
872,2019.10.20,00:00,0.68485,0.68508,0.68395,0.68476
873,2019.10.21,00:00,0.68477,0.68796,0.68474,0.68696
874,2019.10.22,00:00,0.68697,0.68823,0.68483,0.686
875,2019.10.23,00:00,0.68599,0.68601,0.68333,0.68492
876,2019.10.24,00:00,0.68493,0.68569,0.68102,0.68156
877,2019.10.25,00:00,0.68154,0.68356,0.68088,0.68189
878,2019.10.27,00:00,0.68217,0.68253,0.68199,0.68217
879,2019.10.28,00:00,0.68214,0.68447,0.68102,0.68386
880,2019.10.29,00:00,0.68385,0.68711,0.68381,0.68554
881,2019.10.30,00:00,0.68549,0.69031,0.6848,0.68968
882,2019.10.31,00:00,0.68965,0.69291,0.68753,0.68918
883,2019.11.01,00:00,0.68919,0.69207,0.68833,0.69125
884,2019.11.03,00:00,0.69104,0.69149,0.69068,0.69145
885,2019.11.04,00:00,0.69149,0.69244,0.68758,0.68882
886,2019.11.05,00:00,0.68881,0.69274,0.68767,0.6889
887,2019.11.06,00:00,0.68889,0.69068,0.68684,0.68759
888,2019.11.07,00:00,0.68761,0.69125,0.68611,0.68985
889,2019.11.08,00:00,0.68984,0.69057,0.68471,0.68558
890,2019.11.10,00:00,0.68543,0.68605,0.68531,0.68569
891,2019.11.11,00:00,0.68568,0.6865,0.68444,0.68477
892,2019.11.12,00:00,0.68476,0.68566,0.68309,0.68411
893,2019.11.13,00:00,0.68409,0.68566,0.68206,0.68384
894,2019.11.14,00:00,0.68384,0.68405,0.6769,0.67861
895,2019.11.15,00:00,0.67858,0.68159,0.67799,0.68152
896,2019.11.17,00:00,0.68116,0.68162,0.68095,0.68142
897,2019.11.18,00:00,0.68141,0.68218,0.67665,0.68041
898,2019.11.19,00:00,0.68038,0.68341,0.67844,0.68241
899,2019.11.20,00:00,0.68242,0.68304,0.67894,0.67972
900,2019.11.21,00:00,0.67969,0.68135,0.67831,0.67877
901,2019.11.22,00:00,0.67876,0.68025,0.67798,0.67857
902,2019.11.24,00:00,0.67891,0.67913,0.6786,0.67909
903,2019.11.25,00:00,0.6791,0.67986,0.67675,0.67759
904,2019.11.26,00:00,0.67756,0.67946,0.67673,0.67864
905,2019.11.27,00:00,0.6786,0.67905,0.67586,0.67674
906,2019.11.28,00:00,0.67678,0.67732,0.6761,0.67672
907,2019.11.29,00:00,0.67671,0.67789,0.67538,0.67626
908,2019.12.01,00:00,0.67665,0.67685,0.6761,0.67645
909,2019.12.02,00:00,0.67646,0.68252,0.67634,0.68169
910,2019.12.03,00:00,0.6817,0.68616,0.68154,0.6849
911,2019.12.04,00:00,0.68494,0.68545,0.68125,0.68488
912,2019.12.05,00:00,0.68484,0.68542,0.68203,0.68317
913,2019.12.06,00:00,0.6832,0.68567,0.6823,0.6839
914,2019.12.08,00:00,0.68305,0.68377,0.68275,0.68346
915,2019.12.09,00:00,0.68347,0.68358,0.68171,0.68255
916,2019.12.10,00:00,0.68259,0.68366,0.67997,0.68103
917,2019.12.11,00:00,0.68104,0.68889,0.6804,0.68692
918,2019.12.12,00:00,0.68691,0.69377,0.68691,0.69249
919,2019.12.13,00:00,0.69248,0.69284,0.68633,0.68685
920,2019.12.15,00:00,0.68825,0.68839,0.68693,0.68741
921,2019.12.16,00:00,0.68745,0.68973,0.68678,0.68717
922,2019.12.17,00:00,0.68719,0.68768,0.68377,0.68498
923,2019.12.18,00:00,0.68499,0.68637,0.68382,0.68545
924,2019.12.19,00:00,0.68541,0.68904,0.68532,0.68894
925,2019.12.20,00:00,0.68895,0.69061,0.68835,0.69003
926,2019.12.22,00:00,0.68912,0.69054,0.68861,0.69054
927,2019.12.23,00:00,0.6905,0.69282,0.68966,0.6925
928,2019.12.24,00:00,0.69204,0.69292,0.69118,0.69238
929,2019.12.25,00:00,0.69142,0.69259,0.69129,0.69238
930,2019.12.26,00:00,0.69239,0.6949,0.69211,0.69459
931,2019.12.27,00:00,0.69461,0.69863,0.69426,0.69783
932,2019.12.29,00:00,0.69677,0.69869,0.6966,0.69814
933,2019.12.30,00:00,0.69813,0.70039,0.69812,0.70004
934,2019.12.31,00:00,0.70002,0.70314,0.69986,0.70154
,,,,,,
,,,,,,
,,,,,,
,,,,,,
,,,,,,
,,,,,,
,,,,,,
,,,,,,
,,,,,,
,,,,,,
,,,,,,
,,,,,,
,,,,,,
,,,,,,
,,,,,,
,,,,,,
,,,,,,
,,,,,,
,,,,,,
,,,,,,
,,,,,,
,,,,,,
,,,,,,
,,,,,,
,,,,,,
,,,,,,
,,,,,,
,,,,,,
,,,,,,
,,,,,,
,,,,,,
,,,,,,
,,,,,,
,,,,,,
,,,,,,
,,,,,,
,,,,,,
,,,,,,
,,,,,,
,,,,,,
,,,,,,
,,,,,,
,,,,,,
,,,,,,
,,,,,,
,,,,,,
,,,,,,
,,,,,,
,,,,,,
,,,,,,
,,,,,,
,,,,,,
,,,,,,
,,,,,,
